"Sexe","Etat Civil","Enfants","Contrat","Durée hebdo","Salaire base mensuel","%variable_moyen","Augmentation","Promotion","Ancienneté_an","Distance domicile/Travail","Service","Work_accident","Niveau de satisfaction","Age","Augmentation (#1)","Promotion (#1)","Tranche salaire","Durée contrat","Identifiant"
"F","NA","1","CDD",35,2123.3333,39,,,"-5","-10","Compta Finances","Non",84,"60-69","NA","NA","2000-2999","Temps complet","8d029d82d8254f5a8cceb0fc5b64df88585d0ead7afe8285ae373840a674f219"
"F","Marié","0","CDI",35,4289.1333,12,0,1,"10-15","30-39","Consultant","Oui",82,"60-69","Non","Oui","4000-4999","Temps complet","898efdc509b0e4299137a3ff862b3222f123c1713855fe56f920a42bd0ab8ca2"
"F","Célibataire","2","CDI",35,8218.8167,14,0,1,"15-20","20-29","Compta Finances","Oui",32,"60-69","Non","Oui","8000-8999","Temps complet","0fbf603cf311c22a5b541167ed4f028f4cc6f3859880333b55ab7a3d37c79230"
"F","Marié","1","CDI",35,5585.8833,17,1,0,"15-20","40-49","Consultant","Non",50,"30-39","Oui","Non","5000-5999","Temps complet","3a5b127d48c2f16a26fd5685483fc57b805f39129ec3e8a9adc1dc48afac6430"
"H","Célibataire","2","CDI",35,6031.7833,39,1,0,"15-20","30-39","Commercial","Oui",74,"50-59","Oui","Non","6000-6999","Temps complet","234ed2dabddb3f46c5e1372c1122d1f5b04bba9c119121aa760a653f2ed1d8d4"
"H","Marié","3","CDI",35,7654.6167,5,1,1,"20+","60+","R&D","Oui",54,"40-49","Oui","Oui","7000-7999","Temps complet","b56c2b342eaafbc53125bb7fcde59bde592a4b243bea646409e4699b0b3d0101"
"F","Marié","2","CDI",35,3165.2833,0,0,1,"05-10","10-19","Commercial","Oui",67,"60-69","Non","Oui","3000-3999","Temps complet","bde016829b7c525b765723151f0d1d50e218903e8a3a31fd6fa1e7ae0e000bcd"
"F","NA","1","CDI",35,4516.6333,34,1,0,"15-20","40-49","Consultant","Oui",90,"50-59","Oui","Non","4000-4999","Temps complet","61d6c828d304efb788b9fb18bd3105fc56c2aa5c3a4bafec78abc7d0a9b68a70"
"F","Célibataire","3","CDI",35,2132.4333,18,1,1,"-5","10-19","Consultant","Oui",60,"50-59","Oui","Oui","2000-2999","Temps complet","09a188d6ca44377e0a8bcdf62de339271b2bdeca98e9e3865c720e18a69f46d3"
"F","Célibataire","0","CDI",35,4204.2,39,1,1,"05-10","50-59","Compta Finances","Oui",4,"50-59","Oui","Oui","4000-4999","Temps complet","65976788258ab4d4efa6d5e135c05f20ef740afee97b1beec741b5e546f4c5eb"
"F","Célibataire","3","CDI",35,8828.5167,17,0,1,"10-15","10-19","Commercial","Non",84,"30-39","Non","Oui","8000-8999","Temps complet","e7fbf0e33dff130679e26f8f67da0b5f01a0a1d774df232b68fe07591aba7212"
"F","Célibataire","1","CDI",35,9218.3,4,0,0,"05-10","20-29","Marketing","Oui",69,"40-49","Non","Non","9000+","Temps complet","180df12711eb187651ec36fb9a14f876aa1f34e5b0fac9ae934398a080451d45"
"H","Marié","2","CDI",35,2396.3333,11,0,1,"20+","10-19","Commercial","Oui",62,"50-59","Non","Oui","2000-2999","Temps complet","7a668c584e1903e89b3c59f2ad162adb0533c61ce2004c3a24edd6a2aa370471"
"F","NA","2","CDI",35,4198.1333,34,1,1,"-5","30-39","Compta Finances","Non",14,"30-39","Oui","Oui","4000-4999","Temps complet","c857fcf78fdfecb99fc66361a5605a57201269f72fe88e238ef1fbe114c7f2f1"
"H","NA","3","CDI",35,5949.8833,17,1,0,"15-20","60+","Commercial","Oui",41,"30-39","Oui","Non","5000-5999","Temps complet","60ebeb7c8eca0a2a78ee17b4d9985b8c99badfe4e0984fba3b45f23c2d0fe749"
"H","Marié","2","CDD",35,3693.0833,24,,,"-5","40-49","Marketing","Non",25,"40-49","NA","NA","3000-3999","Temps complet","a2ae41765e55e03b48927b5ca79b21d4c6bc87bd25c8a2fd908969237e25de7b"
"F","NA","2","CDI",35,3597.5333,32,1,1,"15-20","60+","Marketing","Oui",38,"40-49","Oui","Oui","3000-3999","Temps complet","6aba097d523ddfbc0a8d28fb7893b0eff306b62b296ab75dae7e3ac1545556c0"
"H","Marié","0","CDI",35,1669.85,22,1,0,"10-15","40-49","Marketing","Non",32,"30-39","Oui","Non","-2000","Temps complet","0acaf7ac76078119750a3728e0db62b0bc218621bb97129851f3522451694075"
"H","Célibataire","0","CDI",35,4134.4333,22,0,0,"20+","60+","Consultant","Non",34,"40-49","Non","Non","4000-4999","Temps complet","de4df355b5c9a09ce91129747b16359c21cb763900423cf12669d4348f3c0367"
"F","Célibataire","1","CDI",35,5388.7167,30,1,0,"05-10","10-19","Consultant","Oui",51,"50-59","Oui","Non","5000-5999","Temps complet","8141cf8e7af0581aa3f5a95a85602074f065975344650d9b9abfaa09be3a61c6"
"F","Marié","3","CDD",35,3168.3167,10,,,"-5","40-49","Consultant","Non",18,"50-59","NA","NA","3000-3999","Temps complet","909284ebce601795003a1817250f830d522e65e18251f524892d00102a8bd91e"
"F","NA","2","CDI",35,6583.85,13,1,1,"10-15","50-59","Marketing","Non",67,"60-69","Oui","Oui","6000-6999","Temps complet","c1a8c7d49d663aa5f6e283af6171ef2e53972f76085f9c7536f935fc69f4d9e3"
"H","Célibataire","2","CDI",28,7358.8667,31,1,1,"05-10","40-49","Marketing","Non",17,"30-39","Oui","Oui","7000-7999","Temps partiel","4b4b16ac1df951efe191c362dd2cc52fdc0eb8d6ae7730b046d1695d02059154"
"H","Marié","3","CDI",35,7637.9333,27,0,0,"10-15","60+","Marketing","Non",59,"40-49","Non","Non","7000-7999","Temps complet","7f1e6d121ba104d3670d625f61ad16f94517c4f71254910712c95db80a48868f"
"H","NA","1","CDI",35,3803.8,30,0,0,"20+","-10","RH","Non",39,"40-49","Non","Non","3000-3999","Temps complet","1fa8e7dc976e047699bcfc1130e632d55814d188fe1f6fdf67c6b594bf271695"
"F","NA","1","CDI",35,9555,20,1,0,"10-15","50-59","Commercial","Oui",15,"40-49","Oui","Non","9000+","Temps complet","9c0ad76fd18e01d7fd23f0abb94d8c372a9ecdcef99362d08f7cefc363886ac7"
"H","Marié","0","CDI",35,2604.1167,32,1,0,"20+","60+","Compta Finances","Oui",70,"60-69","Oui","Non","2000-2999","Temps complet","ed209ae74550ad4353ff4612609e3b3b8899270c3c7736abdc9bbb0e788d29d4"
"H","Marié","3","CDI",35,7713.7667,23,1,0,"10-15","30-39","Commercial","Oui",31,"50-59","Oui","Non","7000-7999","Temps complet","94275c10354b5ad186621bc5aa4baeb8c9172ec18d8f567d84f2f1f25f678e3b"
"F","NA","1","CDI",35,7148.05,21,1,1,"05-10","20-29","RH","Oui",42,"40-49","Oui","Oui","7000-7999","Temps complet","dc6edb4563296140c2b2ed424e4184d6ccee9376bac22789f7184733164dd3b4"
"H","Marié","0","CDI",35,8277.9667,10,0,0,"20+","50-59","RH","Non",78,"40-49","Non","Non","8000-8999","Temps complet","b78cf656f0232451315224595ad3e09219f0f05be708d14565282c3b907584a9"
"H","Marié","3","CDI",35,5805.8,37,0,0,"20+","20-29","Commercial","Non",15,"40-49","Non","Non","5000-5999","Temps complet","51cddbf81b071080eb9e2e45636c2ca99e72ce571b0d5a79f90819accc028032"
"F","Marié","1","CDI",35,9426.0833,24,1,0,"20+","40-49","Consultant","Non",9,"50-59","Oui","Non","9000+","Temps complet","62c74634780a38de945e69afeb7b4bc18034e99843fb4de380a8db8eb6275282"
"H","NA","0","CDI",24,4795.44,19,0,1,"05-10","-10","Consultant","Oui",33,"30-39","Non","Oui","4000-4999","Temps partiel","4915dc8a61fd55b9ede69fca1726f1224014def7bcae334179f6bb3b05e27c31"
"F","Célibataire","0","CDI",35,5067.1833,39,1,0,"15-20","30-39","RH","Non",55,"50-59","Oui","Non","5000-5999","Temps complet","b494a3525d0cd953cec227a2486914a90a7c44e4d4deba89a1d9cf152a2a92b7"
"H","Célibataire","1","CDI",35,9785.5333,28,0,1,"15-20","40-49","Commercial","Oui",40,"40-49","Non","Oui","9000+","Temps complet","f4c7d5c3259a0ae27302274888d34ad9f1137fd113d23b82f6820e3c27158793"
"F","Marié","1","CDI",35,2928.6833,33,1,1,"05-10","30-39","Commercial","Oui",97,"60-69","Oui","Oui","2000-2999","Temps complet","5257c454a86abe0c55c6d0df1a3d420f0f15d26b8227d8ba7f6da9e5b447f54f"
"H","Célibataire","3","CDI",35,5455.45,7,0,1,"15-20","-10","Consultant","Oui",8,"50-59","Non","Oui","5000-5999","Temps complet","22261b1b4d87f8ac526b60d4128ff48a21fa170019186f2f34ef202225e8231a"
"F","NA","3","CDI",35,1703.2167,39,1,0,"05-10","20-29","Consultant","Non",87,"50-59","Oui","Non","-2000","Temps complet","aaa0b6883791a70ea4617ab2ef20ee6b1480147a935fc5694867dd791efd11ce"
"H","Célibataire","3","CDI",35,2834.65,15,1,0,"05-10","60+","Consultant","Non",24,"60-69","Oui","Non","2000-2999","Temps complet","c0035f4f20d15eb087abe056230ac15ed28e465add69dc338915d062766a54f0"
"H","Célibataire","2","CDI",35,3508.05,11,0,1,"20+","60+","RH","Oui",92,"50-59","Non","Oui","3000-3999","Temps complet","f0ce08ec8af9266389f656e05e9236caa73a8441af44aaeebf92d3d32c96e12e"
"F","Célibataire","3","CDI",35,8746.6167,19,0,1,"05-10","-10","RH","Non",62,"40-49","Non","Oui","8000-8999","Temps complet","3c5a2ad0ece1e74f8420d8a4722bb750a9939ed1761d54ec608679cc8c43807b"
"F","NA","0","CDI",35,7601.5333,19,1,1,"10-15","50-59","Compta Finances","Non",55,"40-49","Oui","Oui","7000-7999","Temps complet","a4f398652134d4ac6b6eac048696ed65e7845d74729d915029b571f28a2cfcb5"
"H","Marié","0","CDI",35,9940.2333,24,0,0,"20+","-10","Marketing","Non",45,"40-49","Non","Non","9000+","Temps complet","036c4a268c90ce15cea0bf791f69c435c0e0c3406ed2825f05a7992b1e4160b8"
"H","Célibataire","3","CDI",35,9096.9667,21,0,1,"05-10","40-49","R&D","Oui",8,"60-69","Non","Oui","9000+","Temps complet","2ca5334d7b2388da5992ce75b9bc71ab21276501ce9495e8d27e01684b416a55"
"F","NA","1","CDI",35,2369.0333,20,0,0,"10-15","20-29","Commercial","Oui",52,"40-49","Non","Non","2000-2999","Temps complet","a435c2a2fc8c280223ff99997a7a9bdd1c548f8b2e7c851592e89053e0e590c0"
"F","NA","1","CDI",35,8056.5333,14,0,0,"20+","30-39","Marketing","Oui",75,"50-59","Non","Non","8000-8999","Temps complet","347f47838de78a722a98c4a3cb6304e1a4146dff692b3d162094df9f644f5226"
"H","Marié","1","CDI",35,3882.6667,1,0,1,"10-15","40-49","RH","Non",49,"30-39","Non","Oui","3000-3999","Temps complet","1b7fd8252af11c98d0478000685a12ccf9e38c0284cf215fa854f8799f7ce85f"
"H","Célibataire","2","CDI",35,8428.1167,18,1,0,"20+","50-59","Commercial","Oui",44,"50-59","Oui","Non","8000-8999","Temps complet","86191fd18d48fc2befd2a6bbf30cb856c1ff3c669e3b16e1932cc9c97fc2beb2"
"H","Célibataire","0","CDI",28,1851.5467,19,0,1,"20+","30-39","Consultant","Oui",15,"50-59","Non","Oui","-2000","Temps partiel","7496235134dd28b5f42a1d880c757ec479dc660b61e12f0a1aa56f9a213bd49e"
"F","NA","3","CDI",35,7877.5667,36,1,0,"20+","20-29","RH","Non",63,"50-59","Oui","Non","7000-7999","Temps complet","90d3482980b61a280056d4ed3406d8ed6f3e9a314b5f6fc594dc974c0eba9298"
"H","NA","0","CDI",35,6494.3667,1,0,0,"05-10","10-19","R&D","Oui",30,"40-49","Non","Non","6000-6999","Temps complet","4eb02a31d4f19d6a8ca5f0494e25f03cdccc2c371fb254a010a8151f630ee660"
"F","Marié","2","CDI",35,4763.85,7,1,0,"10-15","40-49","Marketing","Oui",73,"40-49","Oui","Non","4000-4999","Temps complet","cc9600ea5b41fddbee8f33cce4afa78f318df3ff834a31d4f738dc375801cb65"
"H","NA","1","CDI",35,5359.9,4,1,0,"15-20","40-49","RH","Non",80,"60-69","Oui","Non","5000-5999","Temps complet","3e9b0d334d61dfbe87edfb4c9ec5263711f3d67fb75a18509c1fb6debc18a8a5"
"H","Célibataire","2","CDI",35,7264.8333,31,0,1,"15-20","60+","Marketing","Oui",64,"60-69","Non","Oui","7000-7999","Temps complet","90c6a7b3ae18f1f79f04349c0809f2f195f285e657a2e6eb82b3fc4384e0bd0b"
"F","Célibataire","1","CDI",35,3097.0333,13,0,0,"20+","50-59","Consultant","Non",19,"60-69","Non","Non","3000-3999","Temps complet","ae908c26e77e2688f35039c42deafa4e4567720a444ea249f858da1891b9479c"
"F","NA","1","CDI",35,9366.9333,8,1,1,"05-10","40-49","R&D","Oui",74,"50-59","Oui","Oui","9000+","Temps complet","c8209eaef8438548bc82efe4eb7d9264dbba3986dade96b2abfac14affb7cf8a"
"H","NA","1","CDI",35,1873.0833,27,0,0,"10-15","20-29","Consultant","Oui",45,"50-59","Non","Non","-2000","Temps complet","ad18ee453600e35076faa964fb4654c0c4cca36db0c307877d1c5074d64cef5d"
"H","Marié","0","CDI",35,9039.3333,20,1,1,"10-15","30-39","RH","Oui",1,"30-39","Oui","Oui","9000+","Temps complet","e10ba6f452f4af3d3f8a97ac15bdcc9f2c8889771a4065dec81a9ba1bc23fa7f"
"F","Marié","1","CDI",35,3260.8333,30,1,0,"15-20","20-29","Commercial","Oui",42,"40-49","Oui","Non","3000-3999","Temps complet","2ab6c2f7f663e7132a37153d0aff245f076371c02e1ffcec31b6eac841bff1c4"
"H","Marié","0","CDI",28,5097.2133,10,1,0,"05-10","30-39","Consultant","Non",62,"40-49","Oui","Non","5000-5999","Temps partiel","078567a7c259b294a2101821489e935d278746893d7403f940e2a6694ff87fc3"
"H","Marié","0","CDI",35,5749.6833,17,0,0,"10-15","50-59","Commercial","Non",19,"50-59","Non","Non","5000-5999","Temps complet","f4b8d6de0eb5c63cfc6e61741aa2c6781b800c4c982c3684afda4f6a6c708f49"
"F","Marié","3","CDI",32,6743.36,4,0,0,"20+","50-59","Compta Finances","Oui",6,"40-49","Non","Non","6000-6999","Temps partiel","ee2a770bf45804f575e4d789f9aacfaec3b75dbaa275bef57478f607f667c194"
"H","Célibataire","3","CDI",35,2998.45,21,1,1,"05-10","10-19","Marketing","Oui",22,"30-39","Oui","Oui","2000-2999","Temps complet","1fef979e8a0c69e96e1ad6d8e7d4eeda0b8e8f00d591b52e28d2f556093b0400"
"H","Marié","1","CDI",35,3677.9167,33,0,0,"20+","40-49","Commercial","Non",95,"40-49","Non","Non","3000-3999","Temps complet","40b7af78f5ab41f7db1cb96241deb20d19b05f2e990cc1492338b54d9d7c8ad3"
"H","NA","0","CDI",35,4000.9667,40,1,1,"20+","60+","Consultant","Oui",60,"40-49","Oui","Oui","4000-4999","Temps complet","133950fa534de6e1ee4ad149fa9df8f0f17c594efed9fa88414abf9958b6b25e"
"F","NA","0","CDI",35,4013.1,12,0,1,"05-10","50-59","Compta Finances","Non",93,"40-49","Non","Oui","4000-4999","Temps complet","2830681ec146a9f262d08987c18428c516f687589fa2702351ed9228f6767e90"
"H","NA","2","CDI",35,3891.7667,32,0,0,"05-10","20-29","Consultant","Oui",13,"60-69","Non","Non","3000-3999","Temps complet","aafa4ba6f8df28aed63d170ba4755a3a95d84af15e641f2c465871df15bd7783"
"H","NA","2","CDI",24,6178.64,17,0,0,"20+","40-49","R&D","Oui",57,"50-59","Non","Non","6000-6999","Temps partiel","58b895a9c65aec5cba31cbb716e647ebcd637f9057b38a1a64af41e0102ce19e"
"H","Marié","3","CDI",35,5035.3333,24,0,1,"20+","50-59","RH","Oui",95,"60-69","Non","Oui","5000-5999","Temps complet","8a33929df03a87ec93e5f33633a4503adace1dd6b75e7af90f990073cf36de58"
"F","Marié","3","CDI",35,3256.2833,34,0,0,"05-10","10-19","Marketing","Non",25,"50-59","Non","Non","3000-3999","Temps complet","cae037384f1d6c42fed98d76cc4fa3e02a7df6c765e35767f2f08f3cd3199f07"
"F","Célibataire","2","CDI",35,4663.75,5,0,1,"20+","30-39","R&D","Oui",32,"60-69","Non","Oui","4000-4999","Temps complet","94317154d827826c84f836c0afd325da94498e7376e2373873af3ba93a46f47e"
"F","Célibataire","1","CDI",35,2027.7833,19,0,1,"05-10","50-59","Consultant","Non",92,"40-49","Non","Oui","2000-2999","Temps complet","917ee7919f77cefe28a38d990f86832d754db08e042d554596d8a497ff587fe5"
"H","Marié","3","CDI",35,1833.65,8,0,1,"05-10","20-29","Compta Finances","Non",17,"60-69","Non","Oui","-2000","Temps complet","e01d686232694531e27caad04bb95ee8c41d2bb0ebdd66e2456a028c2589aa7a"
"H","Marié","3","CDI",35,8696.5667,34,1,0,"10-15","10-19","Marketing","Oui",89,"60-69","Oui","Non","8000-8999","Temps complet","bf636b5a96780ebd4f2836bed42ec7dc7881b624302508897bec3abb673b1847"
"H","Célibataire","3","CDI",35,5984.7667,6,0,1,"20+","60+","Commercial","Non",17,"50-59","Non","Oui","5000-5999","Temps complet","d2172ad097fa014e77565fb04e23629904e65e7478bf5303714563f3cd920883"
"H","Célibataire","1","CDI",24,6842.16,21,1,1,"20+","30-39","Marketing","Non",1,"60-69","Oui","Oui","6000-6999","Temps partiel","e0cc442ce1cc66c986833f675b81e330066d24648ff13dab1e369f6d30d42ab1"
"F","Célibataire","0","CDI",35,8629.8333,3,0,0,"15-20","30-39","Commercial","Non",44,"50-59","Non","Non","8000-8999","Temps complet","20c73943a25906758ee02b5a8669f5f84d286603132bf831c9a413bb4eb76459"
"F","NA","0","CDI",35,5092.9667,11,1,1,"20+","40-49","Commercial","Oui",31,"40-49","Oui","Oui","5000-5999","Temps complet","4c28a0be2d4d653de39052641f4cdb2c66cca0e66f6c0b59086e62d6d7ac077c"
"F","Marié","3","CDI",35,9873.5,13,0,0,"20+","60+","Consultant","Non",60,"40-49","Non","Non","9000+","Temps complet","d56a0ce273bed39a8b5f7cfb204cc71849f7fef3251bafff707795a43af34d48"
"H","NA","0","CDI",35,1651.65,18,0,0,"15-20","40-49","Consultant","Non",69,"40-49","Non","Non","-2000","Temps complet","fca891fc036c6813e0b2659729a17e317310b99f4d5684f77a2efe8deb829e55"
"H","NA","0","CDI",35,5464.55,34,0,0,"10-15","-10","Commercial","Non",47,"50-59","Non","Non","5000-5999","Temps complet","57cbca34c7dd4b93571636130aecf34f02707bd3fea225d73cad0ccca087d989"
"F","NA","1","CDD",35,3640,6,,,"-5","-10","Marketing","Oui",96,"50-59","NA","NA","3000-3999","Temps complet","b9a3b42096d07d14536b8d8d58b44ac929288cdda6bf426f0af19cbeda6e68fe"
"F","NA","2","CDI",24,2507.44,18,1,1,"15-20","40-49","RH","Oui",98,"50-59","Oui","Oui","2000-2999","Temps partiel","211a125f39a65c3f1b5671f9cce70b9b69df00a18189283e40378b4e7ef24ace"
"F","Marié","1","CDI",35,6356.35,26,1,0,"-5","40-49","R&D","Oui",4,"40-49","Oui","Non","6000-6999","Temps complet","4a9717019e0b859eb1a02b507f4018721a01ba3f566c9ca7fbc2dc63819e322c"
"H","NA","2","CDI",35,7753.2,21,1,0,"15-20","60+","Compta Finances","Non",96,"40-49","Oui","Non","7000-7999","Temps complet","cb667445ee00c7e2d9e3815df829270a8b0a5b1ffb850f11cc0ed6112ad902ea"
"H","NA","3","CDI",35,1772.9833,20,1,1,"15-20","20-29","Compta Finances","Non",44,"50-59","Oui","Oui","-2000","Temps complet","3b5358591ba11ffecc0a6bbbf88398f42561d444f652ed420e196f229c06e490"
"F","Célibataire","2","CDI",35,3547.4833,39,1,0,"10-15","40-49","Consultant","Non",1,"40-49","Oui","Non","3000-3999","Temps complet","4d0988ff427b2a9b884045838f38d2f668ba71a9fbeac90b7f9f9b0ebfad4731"
"F","NA","1","CDI",35,5581.3333,20,1,0,"20+","40-49","Commercial","Oui",86,"40-49","Oui","Non","5000-5999","Temps complet","c6c6003714a7fdef0f0cb0c62ab335b9711a642a5dc5c87888c13903bf80254a"
"H","NA","0","CDI",35,8337.1167,16,0,1,"05-10","20-29","Commercial","Oui",14,"40-49","Non","Oui","8000-8999","Temps complet","c3fe1e95fe4a637a5c599a493eab5b7dfa52ed79e18a72d74384e9dbd2224570"
"F","NA","1","CDI",35,8108.1,38,0,0,"10-15","60+","RH","Oui",69,"30-39","Non","Non","8000-8999","Temps complet","803fa78f56bc19c75a25931c86c3c6ac4d987df91f96caf99d36b4acfeee407b"
"H","Marié","3","CDI",35,4281.55,13,1,0,"05-10","60+","Consultant","Non",50,"40-49","Oui","Non","4000-4999","Temps complet","7a8f2100123e15f41d33b05c2df7dbc2f0b2af35a7e14142ed6e8eb0807738b1"
"H","NA","0","CDD",35,2848.3,15,1,0,"-5","10-19","R&D","Oui",81,"30-39","Oui","Non","2000-2999","Temps complet","556ad90f680ec5ff9e029877309289e3c75eb56959b6f21756b60268a5f8ce13"
"F","Célibataire","3","CDI",35,4424.1167,30,0,0,"20+","50-59","Marketing","Non",29,"50-59","Non","Non","4000-4999","Temps complet","01791a0eca9914fecd292099c3569d8451ead560399ca9da90fc2c3cb3b6a70f"
"H","Célibataire","2","CDI",35,3383.6833,23,0,0,"15-20","10-19","Compta Finances","Oui",56,"50-59","Non","Non","3000-3999","Temps complet","5f31728d76ca38af92200a1a7258192ba78ae0d6096c3eedb3a85fccfe5fdcb3"
"H","NA","0","CDI",24,1110.72,14,1,1,"05-10","10-19","Consultant","Oui",30,"50-59","Oui","Oui","-2000","Temps partiel","25be7f803bf1ab64498e188c81a8fd3c65122bc98447c8973e52776c90a3b8d6"
"F","Marié","0","CDI",35,5076.2833,33,0,0,"-5","40-49","RH","Non",20,"50-59","Non","Non","5000-5999","Temps complet","a0bbea3b8abcea92ecca86f2625ccea5137c2cb568d8d9ca5437322524ed43a3"
"H","Marié","2","CDI",35,9069.6667,1,0,0,"15-20","60+","Commercial","Non",11,"40-49","Non","Non","9000+","Temps complet","88b0038ada6c258ca51ff27b31b454d3665ce75bf249abe4c1b08a7bfb851e8a"
"F","Marié","3","CDI",35,3218.3667,27,1,0,"15-20","20-29","RH","Non",23,"50-59","Oui","Non","3000-3999","Temps complet","da53e8cad333f5d808c9643b3618243e9bba0f48e3250b623f009961f5c57740"
"H","Marié","2","CDI",35,2511.6,21,0,1,"05-10","20-29","Commercial","Oui",79,"40-49","Non","Oui","2000-2999","Temps complet","e63fc83bcd00bd69cf5df95119c7b518ee339825285a950429e433ea615c49f3"
"H","Marié","2","CDD",35,2558.6167,22,,,"-5","50-59","Consultant","Non",59,"40-49","NA","NA","2000-2999","Temps complet","e7e40b052e1e92da086c9c8af93422222204f383a3479d44258eabd04452be41"
"H","Marié","1","CDI",35,9400.3,3,1,1,"20+","10-19","Consultant","Non",25,"60-69","Oui","Oui","9000+","Temps complet","74d2a462974087fb3537e03a6e9768428f39a8b6168b7b3e0125dd4be7d7ebd5"
"H","Marié","2","CDI",28,7269.08,7,1,1,"05-10","60+","Consultant","Oui",5,"50-59","Oui","Oui","7000-7999","Temps partiel","fbc3badb1da781ba01e127b36df09585ed4cb0d6920be9892ad81b59f9f72503"
"F","Célibataire","1","CDD",35,3201.6833,38,,,"-5","-10","Compta Finances","Oui",45,"30-39","NA","NA","3000-3999","Temps complet","1c7c93e56f436dc5468a2348884e0dd5aa3a66229a59c4e048debdbaf40eec23"
"H","NA","1","CDI",35,6526.2167,36,0,1,"20+","60+","R&D","Oui",4,"60-69","Non","Oui","6000-6999","Temps complet","d0af3f45187636fb2aad7e83195605e603468c2a3b95397781b7b893af48e186"
"H","Célibataire","2","CDI",35,8458.45,1,0,0,"15-20","30-39","R&D","Non",35,"40-49","Non","Non","8000-8999","Temps complet","6073a3fb7249ac2e0082133df96f378857eb6c544fc1c6cf83624429df55bf94"
"H","Marié","1","CDI",35,6002.9667,2,1,1,"20+","30-39","Marketing","Oui",70,"50-59","Oui","Oui","6000-6999","Temps complet","870de6f72ae95c9b9a6c2dc270d7c441a66d25a4569dad4367133dbbe9a81f0f"
"H","Marié","3","CDI",35,1697.15,17,1,0,"20+","50-59","Consultant","Non",98,"50-59","Oui","Non","-2000","Temps complet","45e887f4eaa17d4cf029332da12ea1649c717e53e0ef1a005b0cea24f17d11f7"
"H","Marié","3","CDI",35,7263.3167,30,1,0,"10-15","10-19","RH","Oui",84,"60-69","Oui","Non","7000-7999","Temps complet","00038fac26305ba5ffdd5625ab53afb51c44b88c56411a6c5dd94010d4f65560"
"H","Célibataire","2","CDI",35,6043.9167,3,1,1,"15-20","60+","Consultant","Oui",36,"40-49","Oui","Oui","6000-6999","Temps complet","6ea2f83217fc2110c759ec3de83cd8938be851aea1f608f449459caa2194a915"
"H","NA","2","CDI",35,7185.9667,7,1,1,"05-10","60+","Compta Finances","Non",66,"60-69","Oui","Oui","7000-7999","Temps complet","e5a646c1ca07a0ad87d61294f9964f4d06cec453948f99b7273bc382e96862da"
"F","NA","3","CDI",35,9497.3667,17,1,1,"10-15","60+","Commercial","Oui",81,"50-59","Oui","Oui","9000+","Temps complet","18bb03a78c7938c2998cd811089a326ab21a1d071a846e050412aca6f85ce101"
"H","Célibataire","2","CDI",35,7927.6167,32,1,0,"10-15","20-29","Commercial","Oui",42,"50-59","Oui","Non","7000-7999","Temps complet","767f17028b667968324b5520884237420d8aaff7c481dddb4cde0dc1c1613f95"
"H","Célibataire","3","CDI",28,2813.72,8,1,1,"10-15","10-19","Consultant","Non",9,"60-69","Oui","Oui","2000-2999","Temps partiel","f80774e131a34dc4d493446825f830064544d60462bf7cb7b222bbb3d4b05b55"
"H","Célibataire","0","CDI",35,9978.15,34,0,1,"10-15","20-29","Compta Finances","Oui",78,"50-59","Non","Oui","9000+","Temps complet","21905d1db272aacf3c0c3375d52b0f90ba5da678d9279bd1ac371e7f9bd1f941"
"H","NA","0","CDI",35,9488.2667,38,1,1,"10-15","-10","Commercial","Non",52,"50-59","Oui","Oui","9000+","Temps complet","b6020f5e4513d1b8a0898eab47e58e09618a38df070b954dc9d47cacf889e006"
"H","NA","0","CDI",35,2675.4,20,1,0,"-5","40-49","Consultant","Oui",60,"50-59","Oui","Non","2000-2999","Temps complet","7c66c31a857f46395eccb9c7604a01ec104972fc345e8365e03931b749665df9"
"H","Célibataire","2","CDI",35,1979.25,6,1,1,"05-10","40-49","Compta Finances","Non",31,"40-49","Oui","Oui","-2000","Temps complet","f0eadb6869156d51274ad507ac2467f31c43a472f7a0f6b09b88e317ef328f3a"
"H","NA","2","CDI",35,6409.4333,21,0,1,"05-10","30-39","Consultant","Non",80,"50-59","Non","Oui","6000-6999","Temps complet","7b3c27cc2bab3414ee2a27cc915c04ff5822bcca0ea21b8673e0904c2bcf36c8"
"F","Marié","2","CDI",35,6818.9333,14,1,0,"20+","30-39","Commercial","Non",47,"50-59","Oui","Non","6000-6999","Temps complet","8fee269b13e9707af6ed53c3eef44f430a75884ca7241a2fdbc70d6370ccdbc5"
"H","Marié","0","CDI",35,6973.6333,31,0,1,"15-20","50-59","Consultant","Oui",99,"50-59","Non","Oui","6000-6999","Temps complet","921a403b639772f903565a30057e9c8c01b306e4c0205a0871798a5006732528"
"H","Marié","2","CDI",35,8563.1,7,0,0,"20+","50-59","RH","Oui",87,"40-49","Non","Non","8000-8999","Temps complet","c7b98336d288684efcc211ad7c1c3ee24f799f5db1ab3350c5cc82f4ab5cc695"
"H","NA","0","CDI",35,5212.7833,11,0,0,"-5","30-39","R&D","Oui",32,"50-59","Non","Non","5000-5999","Temps complet","4941ef6532e068b6fcba71aeff84bc2f615ce815b5597ecf2a6c65ee04a55d1c"
"H","Marié","3","CDI",35,4449.9,33,1,1,"-5","-10","Consultant","Non",2,"50-59","Oui","Oui","4000-4999","Temps complet","26c561bcb293764f4605151d908170601a4edc4311692bfe2d3b0142dfb4f8fa"
"F","Marié","3","CDI",35,7672.8167,37,1,1,"-5","30-39","Consultant","Non",77,"40-49","Oui","Oui","7000-7999","Temps complet","fa9981a106be4ef06dfcc06dca63bb18c5cf8d59208fb67d5304720613dbd816"
"H","NA","2","CDI",35,2769.4333,33,0,0,"15-20","60+","Compta Finances","Oui",89,"40-49","Non","Non","2000-2999","Temps complet","ed6207ea38e0e0288ae165687354048cf7b2de97c4f48f40e87bbbaa3efadb93"
"F","Célibataire","0","CDI",35,2052.05,13,1,1,"05-10","60+","Compta Finances","Oui",12,"30-39","Oui","Oui","2000-2999","Temps complet","0864487bda552a994ecf05b681e6530f9ef08de5d80cb9ad672bcb3bea04b9b4"
"F","NA","3","CDI",35,7308.8167,12,0,1,"20+","50-59","Consultant","Non",24,"40-49","Non","Oui","7000-7999","Temps complet","f278ca9dec882284a9f84e232ae6530660a2696d2f6973afc5a2327bb938fcde"
"H","Marié","2","CDI",35,3582.3667,30,1,1,"20+","40-49","Marketing","Non",81,"50-59","Oui","Oui","3000-3999","Temps complet","000dda7d99b95b6d37f53a48e2138e25709f16ad718aa4fcbe3b258e8cf50ce3"
"F","Célibataire","0","CDI",35,9782.5,38,0,1,"05-10","20-29","Consultant","Non",69,"40-49","Non","Oui","9000+","Temps complet","9cd4f9e17406b69ac3838a7fc5c3167ca831dd2654ecbe775b000c183a3cf658"
"F","Célibataire","2","CDI",35,2073.2833,28,0,1,"20+","-10","Consultant","Non",59,"40-49","Non","Oui","2000-2999","Temps complet","7b1cdf45d3e1cf9e6571afb4ae376ab1b72f26a2eaa836f7bb4bfa411a8ab52f"
"H","Célibataire","0","CDI",35,6175.8667,38,0,1,"05-10","30-39","RH","Non",29,"30-39","Non","Oui","6000-6999","Temps complet","8f8f537c885cf61e869879d7303b08efd8de2c52857be632e286e129bdcd971c"
"H","Célibataire","0","CDI",35,4296.7167,39,0,1,"10-15","30-39","Consultant","Non",39,"60-69","Non","Oui","4000-4999","Temps complet","544eb11b1c95703a666be3d506afd6686ca3a418eeced80595b00375a55a4c14"
"H","Célibataire","2","CDI",24,5462.08,39,0,1,"05-10","60+","Marketing","Non",25,"30-39","Non","Oui","5000-5999","Temps partiel","645f2dc0b47419138271a50600f9dbc1489cf8e6328e23f2fc7b302e78e870eb"
"H","Célibataire","3","CDI",35,4421.0833,6,1,1,"10-15","-10","Compta Finances","Non",28,"50-59","Oui","Oui","4000-4999","Temps complet","2bc6a7fe51118ed3454ad484e0a3575c5d979242390bca49416e3aa1bf0fe9d6"
"H","Célibataire","2","CDI",35,3486.8167,19,0,1,"-5","10-19","RH","Non",65,"30-39","Non","Oui","3000-3999","Temps complet","a294757f0b7f6e98f8f92f079d2f8e4e05a093c3429184cfc3da445ed6239ab9"
"H","Marié","0","CDI",35,7081.3167,26,0,1,"20+","-10","R&D","Non",31,"50-59","Non","Oui","7000-7999","Temps complet","52fc1f099f9ed4eb7e0cf016ed7172392fc1f862e26ed94f712bb9da1582efbd"
"H","Marié","1","CDI",35,4624.3167,15,0,0,"10-15","30-39","Marketing","Non",92,"40-49","Non","Non","4000-4999","Temps complet","88f9086698ec41c786d191140e3f87a33f78a2a7666431b1f17a753ee5a8d8b8"
"H","Célibataire","0","CDI",24,2735.2,27,0,1,"20+","40-49","RH","Non",47,"60-69","Non","Oui","2000-2999","Temps partiel","3ce50e05fd8f03a1c2a925513b5c10dcc56ba68c8d8b404bee037ea875e59ef8"
"F","Marié","3","CDD",35,3185,3,,,"-5","60+","Commercial","Oui",58,"50-59","NA","NA","3000-3999","Temps complet","92be34031c0b034cfaa2bac64946607e95862908a125940d17dc01c39d2010eb"
"F","Célibataire","1","CDI",35,8328.0167,14,1,0,"10-15","50-59","Compta Finances","Non",60,"40-49","Oui","Non","8000-8999","Temps complet","8be4aeb6166aa18a8b8e9b337c3c353b7d9bb7aa16258a870c39ed399a475216"
"H","Célibataire","1","CDI",35,6195.5833,23,0,1,"10-15","20-29","Commercial","Oui",56,"50-59","Non","Oui","6000-6999","Temps complet","c260e2b072a9124889b1c861ab8f6e6b6adb2cdd6604ee526a670a9ff6fb3d90"
"F","Célibataire","3","CDI",35,6838.65,5,0,0,"-5","-10","Commercial","Non",41,"30-39","Non","Non","6000-6999","Temps complet","aaad25631168f3430d3beba33fe731a4f3279084e3b8c29f8d07cb7c4be4651b"
"F","Célibataire","2","CDI",24,4974.32,32,0,1,"10-15","30-39","Commercial","Oui",66,"60-69","Non","Oui","4000-4999","Temps partiel","2a74b572dea7623c4cf964ddcc29255b809ba900616baa8b26b2a1a0799ac88c"
"F","NA","1","CDI",35,5739.0667,6,1,1,"20+","30-39","Consultant","Non",51,"50-59","Oui","Oui","5000-5999","Temps complet","5fb425c57a5488a3d19f6e85bd980049de7eb441544de0573f9888800a4b914b"
"H","Célibataire","0","CDI",35,9642.9667,17,0,0,"15-20","10-19","RH","Non",3,"60-69","Non","Non","9000+","Temps complet","b5ed69ec3e50d6e62f9c8a70e5de6cce5cf02c44b0c57b97abeb7f918f25389f"
"F","Célibataire","2","CDI",35,3012.1,19,1,1,"15-20","10-19","RH","Non",15,"60-69","Oui","Oui","3000-3999","Temps complet","0285696393ceb87cad08f3f90b18aadf156d61eb572334346a0406c2dfb06b05"
"F","NA","3","CDI",24,5895.76,23,1,1,"20+","60+","Commercial","Non",15,"50-59","Oui","Oui","5000-5999","Temps partiel","280e66e3d2b82b5484bfe6e0177d45775874422f3050bf339caf23fb420389a6"
"F","Célibataire","1","CDD",35,2881.6667,27,,,"-5","10-19","Commercial","Oui",76,"50-59","NA","NA","2000-2999","Temps complet","25cf413fc2df50d8f7a0a038d749fb4675a80609a393b9d10674e0a271370947"
"F","Célibataire","3","CDI",35,7942.7833,38,1,0,"10-15","20-29","Commercial","Oui",78,"50-59","Oui","Non","7000-7999","Temps complet","69a620920753f69e87c0d7106bf98073172949b5b3ce1155c175f187eaff6ecd"
"F","Marié","0","CDI",35,7496.8833,6,1,0,"20+","50-59","Commercial","Non",77,"40-49","Oui","Non","7000-7999","Temps complet","6b5927dd4d90dad84999d9224399aec9557f776158da87c9cebfefd219c2212a"
"H","Célibataire","3","CDI",35,1803.3167,8,1,0,"-5","60+","Consultant","Oui",81,"30-39","Oui","Non","-2000","Temps complet","ec807ac90fe2c468453f847679365ad28122f6ecd7ad56763652aaa6cb00e499"
"F","Marié","1","CDI",35,1598.5667,18,0,1,"10-15","40-49","Marketing","Non",40,"30-39","Non","Oui","-2000","Temps complet","61fbd199802b66820bc660442d5f39d75d0a05bbdac7f19f74a379ae67f0753d"
"F","Marié","2","CDI",35,2731.5167,4,1,1,"15-20","20-29","Consultant","Oui",3,"50-59","Oui","Oui","2000-2999","Temps complet","fade1fd2920c01690752d1d5453a1a8d72e4e513db5b5396d3cb9285aa2519d6"
"H","NA","1","CDI",35,9573.2,7,0,0,"15-20","20-29","Commercial","Oui",48,"50-59","Non","Non","9000+","Temps complet","14f4b1f228beb647c26baa449ac75e79252ab90fbe265a3ca041feb3e2ed8749"
"F","NA","1","CDI",35,8126.3,36,1,0,"15-20","20-29","Commercial","Oui",54,"50-59","Oui","Non","8000-8999","Temps complet","71865621aefc66ec63e8706aa11bfa24f630d690cbbb194878b4084d59ed2166"
"F","Marié","1","CDI",24,1059.76,1,0,1,"10-15","10-19","Compta Finances","Non",68,"40-49","Non","Oui","-2000","Temps partiel","68cd18f4babbc755c90439004f3fb5cd97cfad5d3533488b037dba2d4982fab1"
"H","Célibataire","0","CDI",35,2918.0667,39,1,1,"20+","40-49","Consultant","Non",89,"50-59","Oui","Oui","2000-2999","Temps complet","ed0642c0b5cb7c777b246e3a0a25780274d7247216e881a1511666022e0f661d"
"F","Célibataire","3","CDI",35,9162.1833,17,1,1,"05-10","40-49","Consultant","Non",7,"50-59","Oui","Oui","9000+","Temps complet","922d417f979b574b787b7df7366542cc830bafa10207df0556e07fb732353a7b"
"F","NA","3","CDI",35,6413.9833,24,1,0,"05-10","50-59","Consultant","Oui",72,"50-59","Oui","Non","6000-6999","Temps complet","6dce6ac543a708538fe6b342484aebd2e99614fec1827447c3fe102a1029616f"
"H","Marié","0","CDI",35,2561.65,13,0,0,"15-20","40-49","Consultant","Oui",68,"40-49","Non","Non","2000-2999","Temps complet","603f4a06e3992c48323867f2f4255afa81e6ac367347d894125065bb28de21a7"
"H","Marié","1","CDI",35,5517.6333,23,1,1,"20+","-10","Marketing","Non",81,"50-59","Oui","Oui","5000-5999","Temps complet","71c4f4ca165756d71c6258bf13dbe12c3beace1787486a8d83b4ce9342b71a25"
"H","Marié","3","CDI",35,3335.15,28,1,0,"05-10","-10","RH","Non",90,"60-69","Oui","Non","3000-3999","Temps complet","9e429909d3ffe70a83dcf2f4a5d6e03a8944ed374e466ecb3b7799562be78c77"
"F","Marié","0","CDI",35,9777.95,4,1,0,"10-15","50-59","Commercial","Non",13,"40-49","Oui","Non","9000+","Temps complet","490bc01ed5469e04885f629e2ba824c567ea88643edf3ddba04c0f6fe6ba7757"
"F","NA","1","CDI",35,7637.9333,21,1,0,"05-10","30-39","RH","Oui",84,"50-59","Oui","Non","7000-7999","Temps complet","e18b877a8ba5a9cf845e64fd8c40935d52107070ccdbb633a4815cdda41eba99"
"F","Marié","1","CDI",35,4082.8667,28,0,1,"20+","30-39","Marketing","Non",74,"40-49","Non","Oui","4000-4999","Temps complet","0aee8c871e836e488a712f3333dc0fe6cd32ea3cc0bbc44134694b19a6f94361"
"H","NA","3","CDI",35,8696.5667,37,0,1,"05-10","60+","Compta Finances","Oui",26,"60-69","Non","Oui","8000-8999","Temps complet","2c7767bbd6da2cadea9c3191e320a3a26b33dbfde889d5056c2e67501797e59e"
"F","Marié","3","CDI",35,6127.3333,0,1,0,"10-15","60+","Compta Finances","Non",94,"50-59","Oui","Non","6000-6999","Temps complet","cc6781f3e5be3b1a473738116630225faea5e547dc64d9192968fb680327412d"
"H","Marié","2","CDI",24,4165.2,12,0,1,"20+","40-49","R&D","Non",41,"60-69","Non","Oui","4000-4999","Temps partiel","8faea576a4c94f564ff5a7a3fe98b4a3b52e3eb9fe47636eddb6e4fa28fc45de"
"F","Célibataire","3","CDI",35,1863.9833,12,1,1,"-5","50-59","Marketing","Non",67,"30-39","Oui","Oui","-2000","Temps complet","7d95a2b161aab965cc36acf157f6f4ce3beeca31824b7d9a79e91deb293ce500"
"F","Marié","2","CDI",35,6212.2667,5,1,0,"-5","50-59","Commercial","Oui",3,"50-59","Oui","Non","6000-6999","Temps complet","7ac7413d8d24527bc13df74275330fac8e7c7e02dfbf2ec06142a8adef837e2e"
"H","Marié","1","CDI",35,9737,12,1,1,"05-10","60+","Consultant","Oui",72,"50-59","Oui","Oui","9000+","Temps complet","8b3225471346be85fa3c68ab9d64592e67beccc5705762c53dad91a8a28c9832"
"H","Marié","0","CDI",24,1709.76,10,1,1,"10-15","10-19","Consultant","Oui",87,"50-59","Oui","Oui","-2000","Temps partiel","bdf35892f26d46cc92a4635da31989402cafd8f19862ffa610672ffeb4963f58"
"F","Marié","0","CDI",35,7304.2667,17,1,0,"05-10","50-59","Consultant","Non",34,"40-49","Oui","Non","7000-7999","Temps complet","db88c465ffc9a72c4bda2e66cd3b6bb6e0f9e625bd87eb6e1289fee98c715c30"
"F","NA","1","CDI",35,8056.5333,13,0,1,"10-15","30-39","Compta Finances","Non",32,"60-69","Non","Oui","8000-8999","Temps complet","ad46dfc1b9636ba9cf657ced7856ad1ad24cdcfd74b7e8599e0b401d15f8d32b"
"H","Marié","0","CDI",35,3436.7667,27,1,1,"10-15","10-19","Compta Finances","Oui",44,"40-49","Oui","Oui","3000-3999","Temps complet","9dd745c9fd777121625b87ac650ca4d368ec208417653b4f6b927a3d38cf8d03"
"F","Marié","1","CDI",24,3853.2,9,1,1,"20+","40-49","Compta Finances","Oui",47,"50-59","Oui","Oui","3000-3999","Temps partiel","55dac87ba422d47591324faa004b4a607be439cc240fd6c08524d6e41825b5ca"
"H","NA","3","CDI",35,2767.9167,6,1,0,"05-10","40-49","RH","Oui",88,"60-69","Oui","Non","2000-2999","Temps complet","d39d279c5e9dc4bd6253767e1a4a0d55c5c0272572719f72b7562dd93698126f"
"H","NA","1","CDI",35,1835.1667,6,0,1,"15-20","-10","Compta Finances","Non",15,"40-49","Non","Oui","-2000","Temps complet","53e8c34aac8631f93688aa68ea8e0f3aa892ca3b53fffc29053ec15597a06906"
"F","Célibataire","0","CDI",35,7157.15,3,0,0,"-5","20-29","RH","Oui",6,"40-49","Non","Non","7000-7999","Temps complet","c6086e0299869326ced1923b405281ca22bcb2a51f52390b0c0ece001ea8c84b"
"H","Marié","1","CDI",35,2843.75,2,0,0,"10-15","10-19","Consultant","Non",69,"50-59","Non","Non","2000-2999","Temps complet","52ac43e7e9fba763b7a2285a809acd9d65cb087fa6790f0c4434913cadfd0e40"
"F","NA","0","CDI",24,5951.92,32,1,0,"05-10","60+","Marketing","Oui",1,"50-59","Oui","Non","5000-5999","Temps partiel","7c7c98a0a31829653087d8a1ca6d0ddfaea83ed8fd6812e9d39315efbf230a21"
"H","Célibataire","0","CDI",35,4263.35,31,0,0,"15-20","60+","Compta Finances","Non",48,"50-59","Non","Non","4000-4999","Temps complet","adbbf8658a9dbfee1b19f826d61fe1cd4eea0b383e6601df375423b0363d13e9"
"F","Célibataire","2","CDI",35,2916.55,35,1,1,"10-15","40-49","Commercial","Non",98,"40-49","Oui","Oui","2000-2999","Temps complet","09892587c6998e70c67e06a6ad6fe04f5e059cfc7d972a6cc81af3b0972fe364"
"F","Marié","0","CDI",24,4851.6,14,0,0,"20+","60+","RH","Oui",11,"40-49","Non","Non","4000-4999","Temps partiel","23d7b0fe03627100dac70ee0431c3987f3cb4808caa56bef423bb8481357b172"
"H","Célibataire","3","CDI",24,5724.16,15,1,1,"15-20","40-49","Compta Finances","Non",100,"40-49","Oui","Oui","5000-5999","Temps partiel","6642ca8ff4312ba7f1f2256f7f23d54a31cebf7b7cbcc626ef975e36474364a6"
"H","Marié","1","CDI",35,8716.2833,20,0,0,"05-10","50-59","R&D","Non",93,"30-39","Non","Non","8000-8999","Temps complet","3132b8afcb527ad9da3bfeffca381f10ea0c69428b5d7611da5ab479c631159b"
"F","Célibataire","1","CDI",35,6591.4333,19,0,0,"20+","60+","Consultant","Oui",63,"60-69","Non","Non","6000-6999","Temps complet","9c8f323c58c0f60a776a6cb5e417e8ce599138aa4abb62f70a2800a0e583b096"
"F","NA","1","CDI",35,3797.7333,24,0,0,"20+","50-59","RH","Oui",29,"50-59","Non","Non","3000-3999","Temps complet","0e71959486d516e1dabd65f9766025785a09499bacdad3c25148dbd4c9954e53"
"F","Marié","0","CDI",35,8655.6167,26,1,0,"15-20","60+","Compta Finances","Oui",25,"40-49","Oui","Non","8000-8999","Temps complet","3109311286e6eeb818064ed3607832a86adddf676784d1c165cf1f6159050797"
"F","Marié","1","CDI",35,7898.8,35,0,1,"20+","-10","Compta Finances","Oui",65,"60-69","Non","Oui","7000-7999","Temps complet","c9bf396ba1931a96d2f241f19179949ca12e836e6b3df4560f32ae0f467cd26f"
"F","NA","2","CDI",35,5522.1833,9,1,1,"05-10","60+","RH","Oui",7,"60-69","Oui","Oui","5000-5999","Temps complet","d2a0745e0cc97a06a88e20e6ae61fbf2cc2f26c52b01b65c095975c682e7a8cd"
"H","NA","0","CDI",35,3462.55,3,1,0,"20+","10-19","Marketing","Oui",99,"40-49","Oui","Non","3000-3999","Temps complet","3db1494c9f4b82fb586870a4767595eb0c83e52c2471cee5089169631d43b260"
"H","Marié","1","CDI",35,3232.0167,35,0,0,"20+","-10","Consultant","Non",36,"40-49","Non","Non","3000-3999","Temps complet","b4cdd218ab94dd53e142971f6b2d3797301dc2dddfd7df2afa77fe654533bc4e"
"H","Célibataire","0","CDI",35,9999.3833,27,0,1,"15-20","50-59","Marketing","Oui",34,"40-49","Non","Oui","9000+","Temps complet","0b66e646ad8786044390470d8977cfdef77d0786310cb647e77696c725a317fc"
"F","NA","1","CDI",35,2070.25,34,0,0,"-5","50-59","Commercial","Non",58,"60-69","Non","Non","2000-2999","Temps complet","6b3ed024dd5939c099329170849d81d18d6d497f591f08af7b0f2f369194f6c3"
"H","Marié","1","CDI",35,4499.95,22,1,0,"05-10","50-59","RH","Oui",46,"50-59","Oui","Non","4000-4999","Temps complet","b1ffc003702b54ab3f327fed681877751b2e21a3938943c7457bf19ee8f35a88"
"H","NA","1","CDI",35,3655.1667,33,0,1,"15-20","40-49","Marketing","Oui",69,"60-69","Non","Oui","3000-3999","Temps complet","42e5f27dcf6526ef387a67c31452e6426890badd892e3db2e6ba9d619eb148a8"
"F","NA","1","CDI",35,2008.0667,35,0,0,"-5","60+","Compta Finances","Non",44,"30-39","Non","Non","2000-2999","Temps complet","3f845518591ddb63603a54a20373cbd2f0bb18ad0cfba7ac411768a8c1693bc1"
"F","NA","0","CDI",35,8422.05,38,0,1,"10-15","50-59","Compta Finances","Oui",96,"50-59","Non","Oui","8000-8999","Temps complet","c89e948c41f2e842c91a16b5b900d8d7b78ed759a4f6f9c860364c26ed1df271"
"F","Marié","0","CDI",35,4152.6333,7,1,1,"15-20","40-49","Commercial","Oui",60,"50-59","Oui","Oui","4000-4999","Temps complet","f1c005976d7bffde67c009be154d4b964cd47565d9a97107b19bafd413d5abe9"
"H","NA","1","CDI",35,5810.35,36,1,0,"05-10","60+","Consultant","Oui",94,"40-49","Oui","Non","5000-5999","Temps complet","7205873bfa456fa07e1be4a21eb6d4664f72d5ada71d708df39112b9eab93d1e"
"F","NA","3","CDI",24,3116.88,37,0,1,"05-10","40-49","RH","Oui",48,"60-69","Non","Oui","3000-3999","Temps partiel","75cb14908e1c68814d914bb999dd549731b74c58e2742fc3b3905ef8ab58f9a9"
"H","Célibataire","2","CDI",35,9447.3167,0,1,1,"20+","60+","Consultant","Oui",1,"50-59","Oui","Oui","9000+","Temps complet","6f727baa24e9ebed31bc9d1426d732c66be4e1da2dec724eecb0c52663ab3294"
"F","NA","1","CDI",35,3705.2167,29,1,1,"10-15","60+","RH","Oui",62,"50-59","Oui","Oui","3000-3999","Temps complet","e8eb1622425ddc852cdb4412f678cd8f73361a7f92a2a67bc92089d1c217f320"
"F","NA","1","CDI",35,7377.0667,17,1,1,"05-10","60+","Compta Finances","Oui",70,"60-69","Oui","Oui","7000-7999","Temps complet","874999fe7eb8be205d86c0e9bec8458d637cee717ee0aa0c0cc3579732b6eba3"
"F","Célibataire","0","CDD",32,2496,21,,,"-5","40-49","Consultant","Oui",6,"50-59","NA","NA","2000-2999","Temps partiel","cd5b07b5ea891455a85181789f36c757a0e0b156faad492328c5bed164aa6baf"
"F","Marié","1","CDI",35,9256.2167,1,1,0,"05-10","-10","Compta Finances","Non",84,"60-69","Oui","Non","9000+","Temps complet","7b827b4785915864f39a9930f0f38e1d8790ac0c6f9ca0b95db4e358e1592130"
"F","Célibataire","3","CDI",32,8860.8,19,1,1,"10-15","60+","RH","Non",59,"40-49","Oui","Oui","8000-8999","Temps partiel","75c37662af87817df293ef037b553b453b44647bfc7f09b22b866389f3df40be"
"F","NA","2","CDI",35,2070.25,24,0,0,"05-10","40-49","Consultant","Non",95,"30-39","Non","Non","2000-2999","Temps complet","43f5907dbaf460a1f34778bf80c06411d748d7e207af94659b91d2fdcfffb8a9"
"H","Célibataire","2","CDI",35,1590.9833,30,1,0,"10-15","30-39","Commercial","Non",62,"50-59","Oui","Non","-2000","Temps complet","b849cd6acccd4b65e1c366d53a03c04a1531bd37c75954fa57279f1b37f4403f"
"H","Marié","2","CDI",35,7710.7333,27,0,1,"05-10","60+","RH","Oui",86,"40-49","Non","Oui","7000-7999","Temps complet","bfb75d5893b372abda998dc4e2b73a0983e6b33150c3132b65c1878ed26df3d8"
"H","Célibataire","2","CDI",35,9635.3833,19,1,0,"05-10","60+","RH","Oui",32,"40-49","Oui","Non","9000+","Temps complet","faf6dd59e8a795c1f3f2351b07ec6a60123121bfe4b14036d50f307affd1f0d5"
"H","NA","0","CDI",35,6121.2667,32,0,0,"20+","40-49","Commercial","Oui",7,"40-49","Non","Non","6000-6999","Temps complet","59d10b01957f636e130f20993d3614c22598b2547af99433c33e136ba145c8aa"
"H","Marié","0","CDI",35,8714.7667,37,1,0,"15-20","20-29","Commercial","Non",80,"60-69","Oui","Non","8000-8999","Temps complet","55ac204388806c86530eaa3cd62b83c412eb49e9614db4fcb1d795397215a9d2"
"H","NA","0","CDI",35,4988.3167,8,0,0,"20+","30-39","Compta Finances","Non",52,"50-59","Non","Non","4000-4999","Temps complet","d941d609a5f0ebab940ceb397ac428072121b2eb64540b39ae0d5b88cffa0a84"
"F","Marié","1","CDD",35,2426.6667,21,,,"-5","10-19","Marketing","Oui",70,"50-59","NA","NA","2000-2999","Temps complet","8b96cc66ff9fbf67323ed377424d4d0a6753839406042077e5bb3eb093360ff4"
"F","Célibataire","3","CDI",35,5106.6167,10,0,1,"05-10","20-29","RH","Non",77,"50-59","Non","Oui","5000-5999","Temps complet","7658f2d43834e38bd3819c930b18879295c41f33840acb4689c516ed30025d5c"
"F","Célibataire","0","CDI",35,7889.7,27,0,1,"15-20","40-49","Compta Finances","Non",53,"30-39","Non","Oui","7000-7999","Temps complet","c24ebf40c56e2f72297fef040f62439a75ddb03e34e533072e1f052c2d806f4c"
"F","Célibataire","1","CDI",35,3459.5167,30,0,0,"10-15","30-39","Consultant","Oui",25,"60-69","Non","Non","3000-3999","Temps complet","03b057751d3a5405e0829d2a8ec0185ca192934bd76292e177d76d6f44287d7b"
"H","Célibataire","0","CDI",35,2024.75,4,1,0,"10-15","-10","Consultant","Oui",42,"50-59","Oui","Non","2000-2999","Temps complet","73fc5d422a7b62cf07edaff03c473bdd9a3afe186a6cb7e8cfc3b9193649114a"
"F","Célibataire","3","CDI",35,2309.8833,23,0,0,"05-10","-10","Commercial","Non",63,"50-59","Non","Non","2000-2999","Temps complet","5bafdfb5cea95de3f44cc8f4a4c09f2c87d4d6052635696f43a18a033a667f54"
"F","Marié","3","CDI",35,6902.35,17,0,1,"15-20","40-49","Commercial","Non",21,"40-49","Non","Oui","6000-6999","Temps complet","85472d17bf5ec74d99537815090af30a9f5dc23eafcbedd50129c0a524907e6f"
"F","Célibataire","3","CDI",35,3835.65,26,0,1,"10-15","10-19","RH","Oui",99,"60-69","Non","Oui","3000-3999","Temps complet","adc1715a40c2e3ebf21ee79ecfebc5ce66363450be552250f50ac4bec390f814"
"H","NA","0","CDI",35,6398.8167,11,1,0,"05-10","20-29","Consultant","Non",68,"50-59","Oui","Non","6000-6999","Temps complet","e96c7086a2c68aca3dd7a95473c3e455c1041a9e849b76e882cd53b7656f00ec"
"H","Célibataire","3","CDI",35,2828.5833,21,0,0,"20+","-10","Commercial","Oui",86,"50-59","Non","Non","2000-2999","Temps complet","7658ed20dfdbd7eb4c7473e6cb85e4da1e10355d1bdd20a27285e278549b578c"
"H","NA","3","CDI",35,8073.2167,38,1,1,"15-20","20-29","Compta Finances","Non",70,"50-59","Oui","Oui","8000-8999","Temps complet","91c21ca02de86d1e36a9d3c85a87f34ec4e667242e712348db3c538168c374f3"
"F","Marié","2","CDI",24,3060.72,6,0,1,"15-20","30-39","RH","Non",73,"50-59","Non","Oui","3000-3999","Temps partiel","66bdb358100597f2d67dd6ff1516857dcbe1c05689609a42e0b58c12f311f1c2"
"F","Célibataire","2","CDI",35,2912,35,0,1,"-5","60+","Marketing","Oui",40,"60-69","Non","Oui","2000-2999","Temps complet","d09516fc11493052c78057f26bee00e5eb92999a6d941f77ef559c4f0f56cb27"
"H","Célibataire","1","CDD",32,2357.3333,12,,,"-5","10-19","Consultant","Non",100,"50-59","NA","NA","2000-2999","Temps partiel","75bcc59c4343399c3f782e28a45f000610f91f8d02855aeb3ca8a05e6aadf348"
"F","Marié","0","CDI",35,7687.9833,9,0,0,"15-20","60+","RH","Non",47,"50-59","Non","Non","7000-7999","Temps complet","e77217a178f7959e01a09aafcf7f8a26e22ac2e99542c209ad9da19f5cd17e12"
"F","Marié","1","CDI",24,4117.36,8,1,1,"05-10","-10","RH","Non",35,"60-69","Oui","Oui","4000-4999","Temps partiel","3c5c72d31df98c566fd2ed92a2ae3f372d947cff142f761be29f5b3291d73151"
"H","Célibataire","1","CDI",35,7098,1,1,1,"20+","20-29","Commercial","Oui",39,"50-59","Oui","Oui","7000-7999","Temps complet","6887db0b4376b91cfd3e337217d333c0d326251722b134997c0e432aa2c5f455"
"F","Marié","3","CDD",35,1920.1,17,,,"-5","30-39","Compta Finances","Non",18,"30-39","NA","NA","-2000","Temps complet","43663dcc9b759422aafd9fea6a941a3fdbd682676701b4d07c7a32488798e501"
"F","NA","2","CDI",35,5056.5667,24,1,1,"15-20","60+","RH","Non",46,"30-39","Oui","Oui","5000-5999","Temps complet","6dee0baa8e4a680a97b6f59b142e3e2b88f2201270a0473a85a2462159a22202"
"H","NA","0","CDD",35,1989.8667,5,,,"-5","60+","Marketing","Non",19,"40-49","NA","NA","-2000","Temps complet","8a261c17682393ac5fa541d80f0700acfe38108b7971c0ffd68da81be616381a"
"F","Marié","0","CDI",35,2079.35,7,1,1,"10-15","30-39","Compta Finances","Oui",40,"50-59","Oui","Oui","2000-2999","Temps complet","c830462e71c926fffe3cf990b7c490e40968584619cb96f24b7a19ecde2bc96c"
"F","NA","3","CDI",35,8332.5667,12,0,0,"05-10","30-39","Compta Finances","Non",42,"40-49","Non","Non","8000-8999","Temps complet","3e31c43f465e31f992ec8afe30e61452fc91ac1150578ef9c85932ccc5846a24"
"H","NA","0","CDI",35,7184.45,37,1,1,"20+","20-29","Marketing","Non",54,"40-49","Oui","Oui","7000-7999","Temps complet","75e10e4f21dd789e4df123391008a67e1a9fdb164bc06569d8a7a7f384c75035"
"H","NA","3","CDI",35,9928.1,27,1,0,"10-15","10-19","RH","Oui",58,"30-39","Oui","Non","9000+","Temps complet","64e7f292869b52b2ef59eaf91b94fb29252213c5a219aa4c36c1d0097624c454"
"F","Marié","0","CDI",24,4882.8,17,1,1,"05-10","40-49","Commercial","Oui",1,"50-59","Oui","Oui","4000-4999","Temps partiel","a95b13e5eed64dd16a6ca308ba00a93480dd7607954e177a2af000fa2ad30abc"
"H","Marié","2","CDI",35,9573.2,5,1,0,"05-10","20-29","R&D","Oui",77,"50-59","Oui","Non","9000+","Temps complet","e6d379847b81ac010ee8157cb0cc17475d77b3cda5af147b521517a83c58f746"
"F","Marié","3","CDI",35,3800.7667,9,1,1,"20+","50-59","Commercial","Non",61,"60-69","Oui","Oui","3000-3999","Temps complet","48bd31725aad06bd573514275a6461d9f6ff1a3efe590ac21bde5f202cbf5d10"
"F","Marié","2","CDD",35,3033.3333,8,,,"-5","10-19","Consultant","Oui",24,"60-69","NA","NA","3000-3999","Temps complet","3b804697467876529682060c49e1c114d0cad59ff581ae91396c73eca41aed8b"
"F","NA","1","CDI",35,6301.75,34,0,1,"05-10","20-29","Consultant","Oui",39,"60-69","Non","Oui","6000-6999","Temps complet","541d434ead994ab3bf4c584d40f72ad869292c828da86890f0cd654d5fd3e630"
"F","Célibataire","0","CDI",35,4712.2833,26,1,1,"10-15","60+","Consultant","Oui",46,"40-49","Oui","Oui","4000-4999","Temps complet","ecd9044c921a562aac27b76a1f83e70d314f30847b413006ddbfc8ca1a187bd6"
"H","NA","3","CDI",24,5448.56,30,0,1,"05-10","-10","Consultant","Oui",51,"50-59","Non","Oui","5000-5999","Temps partiel","f7a4a39143e337c36c5a07e1b0179f976e9344ed8b3342c0ac116dcabd8bf36c"
"H","NA","2","CDI",24,2055.04,12,0,1,"10-15","40-49","Consultant","Non",37,"60-69","Non","Oui","2000-2999","Temps partiel","05dbdec200583f5711e95842fbfbaa6ad7b60e2a09645d600d62da717bd7183e"
"F","Célibataire","1","CDI",35,4563.65,38,1,0,"15-20","50-59","Marketing","Oui",51,"50-59","Oui","Non","4000-4999","Temps complet","ff259ac83a64bb6b1a78e0aa59e5e79f87899bc17f67aa97f62f0deb5a7cea6b"
"F","Célibataire","2","CDI",35,6163.7333,16,1,1,"20+","60+","Commercial","Oui",38,"50-59","Oui","Oui","6000-6999","Temps complet","af531d62b9b8a00aa68a07fe693fec16cc2facbcc26d49392b865d549ef11244"
"F","Marié","3","CDI",35,5293.1667,39,0,1,"15-20","10-19","RH","Non",30,"60-69","Non","Oui","5000-5999","Temps complet","b9b9baad3284ea04b71d317b5630d4449e8ba60f1f35d5802f94438d68d1f991"
"F","NA","2","CDI",35,1774.5,16,1,1,"05-10","40-49","Consultant","Non",47,"50-59","Oui","Oui","-2000","Temps complet","81713ce86a289e2e440ca9e195abea1b67bdcfb8cc09c63e31a471e614ec6050"
"H","Célibataire","2","CDI",35,7178.3833,38,1,0,"05-10","60+","Consultant","Oui",89,"30-39","Oui","Non","7000-7999","Temps complet","8c50e7e588632d2cb1554ee97fdeb6cb2442fc55ffea211d696b2a08fceb4c01"
"H","Marié","3","CDI",35,5930.1667,33,0,0,"05-10","20-29","Marketing","Non",37,"40-49","Non","Non","5000-5999","Temps complet","01f967bad211818f1355b2103c137d311f36ea908ef6a14cba976a29502a152f"
"H","NA","1","CDI",35,2777.0167,10,1,0,"20+","10-19","Consultant","Oui",66,"60-69","Oui","Non","2000-2999","Temps complet","1f81d0f569f3f91354a8a64313ae850927a10b6f17af73c4bb56c753dc0ac46a"
"F","NA","3","CDD",35,2226.4667,2,,,"-5","10-19","Consultant","Non",81,"30-39","NA","NA","2000-2999","Temps complet","923e24344cabc0601fba44bff549ef75d4930ea5ec84b6108a0c13636f53561d"
"H","Marié","1","CDI",35,4022.2,14,0,1,"15-20","30-39","Marketing","Non",37,"60-69","Non","Oui","4000-4999","Temps complet","55b9bd591272e4c8ce82fa4a47b236a1a8d5bde20dd2859214d22717f1a9bb9e"
